imdb_title_id,usa_gross,worldwide_gross,budget
tt0000009,,,
tt0000574,$ 2250,,
tt0001892,,,
tt0002101,$ 45000,,
tt0002130,,,
tt0002199,,,
tt0002423,,,
tt0002445,ITL 45000,,
tt0002452,ROL 400000,,
tt0002461,$ 30000,,
tt0002646,,,
tt0002844,,,
tt0003014,,,
tt0003037,,,
tt0003102,,,
tt0003131,,,
tt0003165,,,
tt0003167,,,
tt0003419,,,
tt0003471,$ 5700,,
tt0003489,,,
tt0003637,,,
tt0003643,,,
tt0003657,,,
tt0003740,$ 210000,,
tt0003772,,,
tt0003883,,,
tt0003930,,,
tt0003973,,,
tt0004026,,,
tt0004066,,,
tt0004099,$ 23500,,
tt0004134,,,
tt0004150,,,
tt0004181,$ 40000,,
tt0004457,,,
tt0004465,$ 25000,,
tt0004635,$ 20000,,
tt0004681,$ 10000,,
tt0004707,$ 50000,,
tt0004712,,,
tt0004743,,,
tt0004766,$ 17022,,
tt0004825,,,
tt0004838,,,
tt0004872,,,
tt0004873,$ 50000,,
tt0004972,$ 100000,,
tt0005060,$ 23430,,
tt0005078,$ 17311,,
tt0005149,$ 18000,,
tt0005339,,,
tt0005402,$ 18711,,
tt0005529,,,
tt0005557,,,
tt0005680,,,
tt0005719,,,
tt0005809,,,
tt0005916,,,
tt0005951,,,
tt0005960,,,
tt0006206,,,
tt0006327,,,
tt0006333,$ 200000,,
tt0006509,,,
tt0006517,,,
tt0006589,,,
tt0006617,,,
tt0006688,,,
tt0006731,,,
tt0006736,,,
tt0006745,,,
tt0006753,,,
tt0006780,,,
tt0006809,$ 42600,,
tt0006826,,,
tt0006864,$ 385907,,
tt0006886,,,
tt0007047,,,
tt0007183,,,$ 144968
tt0007257,,,
tt0007260,,,
tt0007309,,,
tt0007338,,,
tt0007340,,,
tt0007361,,,
tt0007367,,,
tt0007522,,,
tt0007558,,,
tt0007610,,,
tt0007755,,,
tt0007801,$ 500000,,
tt0007983,,,
tt0008011,,,
tt0008100,,,
tt0008150,$ 302976,,
tt0008188,$ 166949,,
tt0008196,,,
tt0008279,,,
tt0008309,,,
tt0008395,,,
tt0008443,,,
tt0008489,,,
tt0008499,,,
tt0008519,$ 134832,,
tt0008536,,,
tt0008634,,,
tt0008652,,,
tt0008663,SEK 60000,,
tt0008672,,,
tt0008679,,,
tt0008687,,,
tt0008710,,,
tt0008775,,,
tt0008827,,,
tt0008843,,,
tt0008854,,,
tt0008879,SEK 100000,,
tt0008891,,,
tt0008930,,,
tt0008950,,,
tt0009014,,,
tt0009062,,,
tt0009086,,,
tt0009150,,,
tt0009153,,,
tt0009241,,,
tt0009326,,,
tt0009356,,,
tt0009369,$ 125000,,
tt0009440,$ 66241,,
tt0009475,,,
tt0009559,,,
tt0009608,,,
tt0009611,,,
tt0009652,,,
tt0009682,,$ 3270000,
tt0009701,,,
tt0009737,,,
tt0009796,$ 72500,,
tt0009878,,,
tt0009892,,,
tt0009893,,,
tt0009894,,,
tt0009900,$ 67000,,
tt0009915,,,
tt0009937,$ 42000,,
tt0009968,$ 88000,,
tt0009976,,,
tt0010040,,,
tt0010060,,,
tt0010071,,,
tt0010103,,,
tt0010137,,,
tt0010162,,,
tt0010193,,,
tt0010195,$ 200000,,
tt0010208,,,
tt0010219,,,
tt0010227,,,
tt0010247,,,
tt0010267,,,
tt0010281,,,
tt0010298,,,
tt0010307,,,
tt0010323,$ 18000,$ 8811,$ 8811
tt0010418,,,
tt0010456,,,
tt0010466,$ 120000,,
tt0010484,,,
tt0010559,,,
tt0010598,,,
tt0010600,,,
tt0010635,,,
tt0010662,,,
tt0010680,,,
tt0010726,,,
tt0010755,SEK 180000,,
tt0010806,,,
tt0010821,,,
tt0010844,,,
tt0010853,,,
tt0010879,,,
tt0010890,,,
tt0010925,,,
tt0010953,,,
tt0010962,,,
tt0010964,,,
tt0010969,FRF 1800000,,
tt0011000,,,
tt0011130,,,
tt0011157,,,
tt0011173,,,
tt0011193,,,
tt0011217,,,
tt0011221,,,
tt0011237,,,
tt0011267,,,
tt0011294,,,
tt0011302,,,
tt0011317,,,
tt0011344,,,
tt0011358,,,
tt0011369,,,
tt0011370,,,
tt0011371,,,
tt0011387,,,
tt0011414,,,
tt0011415,$ 300000,,
tt0011439,,,
tt0011440,NOK 250000,,$ 4272
tt0011474,,,
tt0011513,,,
tt0011588,$ 300000,,
tt0011607,,,
tt0011623,,,
tt0011641,,,
tt0011647,,,
tt0011652,,,
tt0011679,,,
tt0011716,$ 169330,,
tt0011723,,,
tt0011741,,,$ 772155
tt0011742,,,
tt0011753,,,
tt0011779,,,
tt0011833,,,
tt0011837,,,
tt0011841,$ 700000,,
tt0011865,,,
tt0011870,,,
tt0011904,,,
tt0011908,,,
tt0011909,,,
tt0011948,,,
tt0011960,,,
tt0011979,,,
tt0012016,,,
tt0012027,,,
tt0012068,,,
tt0012122,,,
tt0012125,,,
tt0012134,FRF 248000,,
tt0012136,,,
tt0012187,,,
tt0012190,$ 800000,$ 9183673,$ 9183673
tt0012249,,,
tt0012281,,,
tt0012313,,,
tt0012314,,,
tt0012334,,,
tt0012349,$ 250000,,$ 26916
tt0012364,,,
tt0012382,,,
tt0012397,,$ 900000,$ 1108882
tt0012408,,$ 690965,
tt0012465,,,
tt0012486,,,
tt0012494,,$ 12156,$ 12156
tt0012513,,,
tt0012532,$ 1000000,,
tt0012538,,,
tt0012631,,,
tt0012642,,,
tt0012645,,,
tt0012650,,,
tt0012651,,,
tt0012675,,,
tt0012699,,,
tt0012745,,,
tt0012752,,$ 3270000,
tt0012755,,,
tt0012763,,,
tt0012769,,,
tt0012806,,,
tt0012928,,,
tt0012938,,$ 265150,
tt0012952,,,
tt0012973,,,
tt0012975,,,
tt0013033,,,
tt0013059,,,
tt0013075,$ 113440,,
tt0013085,,,
tt0013122,,,
tt0013134,,,
tt0013140,$ 1100000,,
tt0013169,,,
tt0013201,$ 94412,,
tt0013223,,,
tt0013332,,,
tt0013367,,,
tt0013372,$ 385000,,
tt0013386,,,
tt0013402,,$ 177686,
tt0013404,,,
tt0013428,,,
tt0013442,,,$ 19054
tt0013450,$ 175000,,
tt0013469,,,
tt0013496,,,
tt0013515,$ 323062,,
tt0013556,$ 1500000,,
tt0013571,$ 350000,,
tt0013574,,,
tt0013579,,,
tt0013590,,,
tt0013592,,,
tt0013597,,$ 384770,
tt0013607,,,
tt0013619,,,
tt0013662,$ 400000,,
tt0013674,,,
tt0013688,,,
tt0013704,,,
tt0013705,,,
tt0013741,,,
tt0013750,$ 1500000,,
tt0013802,,$ 242900,
tt0013830,,,
tt0013909,,,
tt0013933,,,
tt0013951,$ 782000,,
tt0014029,,,
tt0014108,,,
tt0014109,,,
tt0014112,,,
tt0014142,$ 1250000,,
tt0014205,,$ 2400000,
tt0014341,,,
tt0014358,,$ 280171,
tt0014397,,,
tt0014416,,,
tt0014417,,,
tt0014429,$ 121000,,
tt0014440,$ 858723,,
tt0014446,,,
tt0014463,$ 90220,,
tt0014497,,,
tt0014516,,,
tt0014524,,,
tt0014532,$ 1800000,,
tt0014538,,,
tt0014586,,,
tt0014604,$ 650000,,
tt0014605,,$ 657532,
tt0014606,,,
tt0014611,$ 220626,,
tt0014624,$ 351000,,$ 11233
tt0014636,,$ 427875,
tt0014646,,,
tt0014672,,,
tt0014702,,$ 290705,
tt0014721,,,
tt0014760,,,
tt0014770,,,
tt0014826,,$ 259784,
tt0014854,$ 750000,,
tt0014869,,,
tt0014874,,,
tt0014898,,,
tt0014900,,,
tt0014925,,EUR 252076,
tt0014945,$ 400000,,
tt0014972,$ 172000,,
tt0014982,,,
tt0015002,,,
tt0015014,FRF 260000,,
tt0015016,$ 280000,,
tt0015018,,,
tt0015022,$ 1000000,,
tt0015036,,,
tt0015064,,$ 94812,
tt0015116,,,
tt0015119,$ 212000,,
tt0015136,,,
tt0015145,,$ 556826,
tt0015163,$ 220000,,
tt0015167,,,
tt0015174,,,
tt0015175,,,
tt0015200,,,
tt0015202,,,
tt0015213,,,
tt0015214,,,
tt0015224,,$ 630229,
tt0015268,,,
tt0015289,,$ 497234,
tt0015310,,$ 780187,
tt0015312,,$ 470454,
tt0015324,,$ 977375,
tt0015361,,,
tt0015400,$ 1135654,,
tt0015493,,,
tt0015498,,,
tt0015500,,,
tt0015518,,,
tt0015532,,,$ 100156
tt0015624,$ 245000,,
tt0015634,,,
tt0015643,,,
tt0015648,,$ 51198,$ 61389
tt0015684,,,
tt0015687,,,
tt0015693,,,
tt0015758,,,
tt0015768,,,
tt0015772,,$ 323150,
tt0015794,,,
tt0015801,,,
tt0015841,,$ 1392,
tt0015842,,,
tt0015847,,,
tt0015861,,,
tt0015863,,,
tt0015864,$ 923000,,$ 26916
tt0015872,,,
tt0015881,$ 546883,,
tt0015883,,,
tt0015909,,$ 230306,
tt0015935,,,
tt0016004,$ 320000,,
tt0016005,,$ 205550,
tt0016006,,$ 190048,
tt0016013,,,
tt0016023,,,
tt0016028,,$ 1100000,
tt0016029,,,
tt0016039,,$ 1194450,$ 2834000
tt0016104,$ 608016,,
tt0016123,,,
tt0016142,,,
tt0016185,,,
tt0016201,,,
tt0016205,,,
tt0016220,,$ 3751476,$ 4360000
tt0016226,,,
tt0016230,,,
tt0016232,,,
tt0016240,,,
tt0016241,,,
tt0016258,,,
tt0016276,,,
tt0016288,,,
tt0016294,$ 477480,,
tt0016308,,$ 304081,
tt0016309,,,
tt0016310,$ 20000,,
tt0016332,,$ 210748,
tt0016338,,,
tt0016377,,,
tt0016392,,,
tt0016394,,$ 241507,
tt0016395,$ 700000,,
tt0016461,$ 312000,,
tt0016473,$ 103000,,
tt0016480,,$ 286809,
tt0016481,,$ 709613,
tt0016491,,,
tt0016493,,,
tt0016544,,,
tt0016545,,,
tt0016548,,,
tt0016559,,,
tt0016560,,$ 264738,
tt0016563,,,
tt0016627,,$ 490467,
tt0016629,,,
tt0016630,,$ 702114,
tt0016634,,$ 1708926,
tt0016640,,,
tt0016643,$ 449000,,
tt0016646,,$ 315862,
tt0016654,$ 1300000,,
tt0016655,$ 166000,,
tt0016664,,,
tt0016669,$ 693000,,
tt0016672,,,
tt0016690,,,
tt0016691,,,
tt0016762,,,
tt0016804,$ 546000,,
tt0016822,,,
tt0016827,,,
tt0016832,$ 260000,,
tt0016847,,,
tt0016854,,,
tt0016871,,$ 262300,
tt0016884,$ 373000,,
tt0016895,,$ 577310,
tt0016914,,,
tt0016939,,,
tt0016947,,,
tt0016953,,,
tt0016971,,,
tt0017004,,,
tt0017028,,$ 314332,
tt0017029,,$ 414115,
tt0017048,,,
tt0017075,GBP 12000,,$ 83260
tt0017082,,,
tt0017096,,,
tt0017103,,,
tt0017119,,,
tt0017120,,$ 620079,
tt0017128,,,
tt0017136,DEM 6000000,$ 1236166,$ 1349711
tt0017159,,,
tt0017184,,,
tt0017195,,,
tt0017196,,,
tt0017198,,,
tt0017226,,$ 1434461,
tt0017271,,,
tt0017293,,,
tt0017329,$ 174728,,
tt0017338,,,
tt0017350,$ 430290,,
tt0017354,$ 503000,,
tt0017374,,,
tt0017378,,,
tt0017382,,,
tt0017409,$ 253000,,
tt0017410,,,
tt0017416,,$ 716850,
tt0017419,$ 971260,,
tt0017423,$ 463455,,
tt0017437,,,
tt0017438,,,
tt0017448,,,
tt0017449,$ 669000,,
tt0017463,,,
tt0017480,$ 250000,,
tt0017483,,$ 243700,
tt0017519,$ 497356,,
tt0017534,,,
tt0017540,$ 360000,,
tt0017567,,,
tt0017619,,,
tt0017621,,,
tt0017632,$ 916000,,
tt0017653,,,
tt0017662,,,
tt0017667,,,
tt0017726,,,
tt0017735,,,
tt0017736,,,
tt0017739,,$ 325550,
tt0017750,$ 264397,,
tt0017751,,,
tt0017765,,,
tt0017809,,,
tt0017825,,,
tt0017832,,,
tt0017843,,,
tt0017860,,GBP 485300,
tt0017886,,,
tt0017918,,,
tt0017925,$ 750000,,
tt0017928,,,
tt0017938,,,
tt0017961,,,
tt0017998,,,
tt0018014,,,
tt0018016,,$ 436342,
tt0018033,,$ 411891,
tt0018037,$ 422000,,
tt0018045,,,
tt0018051,,$ 1553522,
tt0018054,$ 2500000,,
tt0018066,,,
tt0018087,,,
tt0018097,$ 152000,,
tt0018102,,,
tt0018107,$ 488000,,
tt0018113,,$ 502086,
tt0018138,,,
tt0018166,$ 187000,,
tt0018179,$ 267000,,
tt0018183,$ 483103,,
tt0018192,FRF 20000000,,$ 39448
tt0018217,,,
tt0018218,,,
tt0018235,,,
tt0018247,,,
tt0018253,,,
tt0018268,,,
tt0018297,,,
tt0018311,$ 539000,,
tt0018328,,,
tt0018351,,,
tt0018362,,,
tt0018379,$ 1300000,,
tt0018389,,,
tt0018392,,,
tt0018397,,$ 395825,
tt0018413,,,
tt0018440,,$ 405000,
tt0018451,$ 1205000,,
tt0018453,,,
tt0018455,$ 200000,,$ 121107
tt0018464,,,
tt0018471,$ 433000,,
tt0018484,,,
tt0018487,,,
tt0018505,,,
tt0018513,,$ 449700,
tt0018515,,$ 509718,
tt0018523,,,
tt0018524,$ 1500000,,
tt0018526,,$ 1642194,
tt0018528,$ 217000,,$ 4841
tt0018530,,,
tt0018566,,$ 885699,
tt0018578,$ 2000000,,$ 746
tt0018579,$ 80000,,
tt0018588,,,
tt0018600,,,
tt0018615,,,
tt0018618,$ 290000,,
tt0018678,,,
tt0018684,,,
tt0018722,,,
tt0018737,,$ 53485,$ 62686
tt0018742,,,$ 1737460
tt0018749,,,
tt0018756,,,
tt0018770,,,
tt0018773,$ 900000,,$ 26916
tt0018795,,,
tt0018826,,,
tt0018836,$ 267000,,
tt0018839,,,
tt0018841,,,
tt0018862,,,
tt0018876,,,
tt0018879,,,
tt0018882,,,
tt0018907,,,
tt0018908,,,
tt0018909,,,
tt0018910,,,
tt0018927,,,
tt0018935,,,
tt0018937,,,
tt0018972,,,
tt0018990,,,
tt0018996,,,
tt0019043,,,
tt0019067,,,
tt0019071,,,
tt0019074,$ 293000,,
tt0019096,$ 75000,,
tt0019098,,,
tt0019109,,,
tt0019127,,,
tt0019130,,,$ 4347
tt0019151,,,
tt0019152,$ 400000,,
tt0019182,$ 750000,,
tt0019186,,,
tt0019195,$ 337000,,
tt0019237,$ 178000,,
tt0019254,,$ 21877,$ 21877
tt0019258,$ 272000,,
tt0019286,,,
tt0019290,,,
tt0019304,,,
tt0019312,,,
tt0019325,,,
tt0019335,,,
tt0019344,$ 650000,,
tt0019374,,,$ 16467
tt0019379,,$ 1100000,
tt0019388,,$ 10900000,$ 12862000
tt0019400,,,
tt0019412,,,
tt0019415,,,
tt0019421,,,
tt0019429,,,
tt0019434,$ 150000,,
tt0019451,,,
tt0019462,$ 20000,,
tt0019480,,,
tt0019489,$ 2000000,,
tt0019509,,,
tt0019532,$ 325000,,
tt0019553,,$ 859900,
tt0019557,,,
tt0019558,$ 1000000,,
tt0019563,$ 259000,,
tt0019571,$ 259000,,
tt0019574,$ 365000,,
tt0019585,,,
tt0019591,$ 383000,,
tt0019609,,,
tt0019611,,,
tt0019629,,,
tt0019630,,,
tt0019644,,,
tt0019646,,,
tt0019649,,,
tt0019655,,,
tt0019658,GBP 2000,,
tt0019684,,,
tt0019690,,,
tt0019699,$ 400000,,
tt0019702,,,
tt0019725,$ 1000000,,
tt0019726,,,
tt0019729,$ 379000,,
tt0019735,$ 550000,,
tt0019745,,,
tt0019746,,,
tt0019777,$ 500000,,
tt0019785,$ 600000,,
tt0019788,$ 489106,,
tt0019796,,,
tt0019798,,,
tt0019800,,,
tt0019811,,,
tt0019815,$ 487000,,
tt0019823,,,
tt0019824,,,
tt0019839,,,
tt0019843,,,
tt0019850,,,
tt0019852,,,
tt0019856,,,
tt0019884,,,
tt0019886,$ 385000,,
tt0019889,,,
tt0019901,,,
tt0019909,,,
tt0019929,,,
tt0019933,,,
tt0019935,$ 750000,,
tt0019936,,$ 5537200,$ 8648060
tt0019939,,,
tt0019945,,,
tt0019946,,,
tt0019949,,,
tt0019957,,,
tt0019959,,,
tt0019976,,,
tt0019979,,,
tt0019983,,,
tt0019992,,,
tt0019993,,,$ 5277780
tt0020004,,,
tt0020011,,,
tt0020014,,,
tt0020018,,,
tt0020025,,,
tt0020030,,$ 3270000,
tt0020034,,,
tt0020062,$ 257000,,
tt0020075,,,
tt0020078,,,
tt0020080,,,
tt0020081,,,
tt0020092,,,
tt0020099,,,
tt0020103,,,
tt0020112,$ 650000,,
tt0020114,,,
tt0020122,,,
tt0020126,,,
tt0020142,,,
tt0020143,,,
tt0020144,,,
tt0020163,,,
tt0020166,,,
tt0020182,,,
tt0020193,,,
tt0020197,,,
tt0020198,$ 1130000,,
tt0020210,,,
tt0020217,,,
tt0020223,$ 1005000,,
tt0020228,,,
tt0020230,,,
tt0020232,,,
tt0020238,$ 493000,,
tt0020247,,,
tt0020253,$ 293000,,
tt0020269,,,
tt0020286,,,$ 2306
tt0020293,,,
tt0020298,$ 800000,,
tt0020305,,,
tt0020320,$ 472000,,
tt0020332,,,
tt0020335,,,
tt0020336,,,
tt0020344,,,
tt0020358,$ 647000,,
tt0020359,,,
tt0020364,,,
tt0020388,$ 251000,,
tt0020392,$ 50000,,
tt0020402,,,
tt0020403,$ 850000,,
tt0020405,,,
tt0020410,$ 336000,,
tt0020425,,,
tt0020431,,,
tt0020439,,,
tt0020442,,,
tt0020446,,,
tt0020451,,,
tt0020458,$ 211000,,
tt0020461,,,
tt0020466,,$ 3000000,
tt0020475,,,
tt0020479,$ 504000,,
tt0020480,,,
tt0020488,,,
tt0020490,,,
tt0020492,,,
tt0020499,,,
tt0020502,,,
tt0020510,,,
tt0020514,$ 725000,,
tt0020516,,,
tt0020534,,,
tt0020538,$ 229000,,
tt0020542,,,
tt0020543,,,
tt0020547,,,
tt0020556,$ 425000,,
tt0020563,,,
tt0020570,,,
tt0020572,$ 979828,,
tt0020581,$ 295000,,
tt0020585,,,
tt0020589,$ 322000,,
tt0020590,,,
tt0020608,,,
tt0020613,,,
tt0020620,,,
tt0020629,$ 1200000,,
tt0020640,,,
tt0020641,$ 376000,,
tt0020642,,,
tt0020656,,,
tt0020661,,,
tt0020668,,,
tt0020670,,,
tt0020673,,,
tt0020679,,,
tt0020686,$ 414000,,
tt0020690,,,
tt0020691,$ 2000000,,
tt0020693,,,
tt0020695,,,
tt0020697,,,$ 4410
tt0020701,,,
tt0020702,,,
tt0020713,,,
tt0020724,$ 464000,,
tt0020740,,,
tt0020754,,,
tt0020758,,,
tt0020763,,,
tt0020768,,,
tt0020785,,,
tt0020793,,,
tt0020799,$ 407000,,
tt0020806,,,
tt0020814,,,
tt0020815,$ 611722,,
tt0020821,,,
tt0020823,,,
tt0020827,$ 340691,,
tt0020828,,,
tt0020836,$ 240000,,
tt0020838,,,
tt0020842,,,
tt0020852,,,
tt0020866,,,
tt0020869,,,
tt0020873,,,
tt0020875,,,
tt0020876,$ 647000,,
tt0020890,,,
tt0020891,,,
tt0020894,,,
tt0020896,,,
tt0020900,,,
tt0020902,,,
tt0020919,,,
tt0020924,,,
tt0020926,,,
tt0020929,,,
tt0020938,,,
tt0020945,$ 529000,,
tt0020949,,,
tt0020959,,,
tt0020960,$ 3950000,,
tt0020966,,,
tt0020980,,,
tt0020985,,,
tt0020987,$ 287000,,
tt0021001,,,
tt0021013,,,
tt0021016,$ 1100000,,
tt0021025,$ 2000000,,
tt0021040,,,
tt0021042,,,
tt0021044,,,
tt0021048,,,
tt0021053,,,
tt0021060,,,
tt0021061,,,
tt0021069,,,
tt0021070,,,
tt0021074,,,
tt0021079,,,
tt0021087,,,
tt0021090,,,
tt0021092,,,
tt0021094,,,
tt0021100,,,
tt0021102,,,
tt0021106,$ 980000,,$ 1005
tt0021110,,,
tt0021121,,,
tt0021128,,,
tt0021132,$ 208000,,
tt0021133,,,
tt0021134,,,
tt0021140,,,
tt0021148,,,
tt0021149,,,
tt0021152,,,
tt0021153,$ 726465,,
tt0021156,,,
tt0021165,,,
tt0021178,,,
tt0021189,,,
tt0021191,,,
tt0021197,,,
tt0021216,,,
tt0021217,,,
tt0021223,$ 337000,,
tt0021224,,,
tt0021225,,,
tt0021228,$ 355000,,
tt0021232,,,
tt0021239,,,
tt0021240,,,
tt0021247,,,
tt0021263,,,
tt0021268,,,
tt0021273,,,
tt0021276,$ 800000,,
tt0021280,,,
tt0021281,,$ 1000000,
tt0021282,,,
tt0021283,,,
tt0021287,,,
tt0021292,,,
tt0021294,,,
tt0021295,,,
tt0021297,,,
tt0021303,,,
tt0021304,,,
tt0021307,,,
tt0021309,,,$ 2094
tt0021310,$ 496000,,
tt0021322,,,
tt0021324,,,
tt0021331,,,
tt0021335,,,
tt0021345,,,
tt0021365,,,
tt0021371,,,
tt0021374,$ 423000,,
tt0021376,,,
tt0021377,$ 450000,,
tt0021381,,,
tt0021382,,,
tt0021394,,,
tt0021400,,,
tt0021401,,,
tt0021406,,,
tt0021408,,,
tt0021409,,,
tt0021413,,,
tt0021420,,,
tt0021435,,,
tt0021439,,,
tt0021463,,,
tt0021464,,,
tt0021472,,,
tt0021483,,$ 11000000,
tt0021484,,,
tt0021486,,,
tt0021492,,,
tt0021493,,,
tt0021505,,,
tt0021508,,,
tt0021511,$ 1200000,,
tt0021525,,,
tt0021531,,,
tt0021533,$ 400000,,
tt0021534,,,
tt0021542,,,
tt0021549,,,
tt0021550,,,
tt0021551,,,
tt0021568,,,
tt0021571,,,
tt0021577,,$ 32712,$ 32712
tt0021580,,,
tt0021594,,,
tt0021595,,$ 987540,$ 1277480
tt0021599,,,
tt0021606,,,
tt0021607,,,
tt0021615,$ 400000,,
tt0021622,,,
tt0021632,,,
tt0021633,$ 502000,,
tt0021635,,,
tt0021636,,,
tt0021647,,,
tt0021649,,,
tt0021653,,,
tt0021654,,,$ 2447
tt0021657,,,
tt0021659,,,
tt0021668,,,
tt0021673,,,
tt0021681,,,
tt0021684,,,
tt0021695,$ 243093,,
tt0021697,,,
tt0021707,,,
tt0021725,$ 281000,,
tt0021730,,,
tt0021732,,,
tt0021733,,,
tt0021735,,,
tt0021739,,,
tt0021743,,,
tt0021746,$ 1433000,,
tt0021749,$ 1500000,$ 19181,$ 46008
tt0021750,,,
tt0021754,$ 120000,,
tt0021756,,,
tt0021759,,,
tt0021761,,,
tt0021764,,,
tt0021768,,,
tt0021770,,,
tt0021772,,,
tt0021775,,,
tt0021778,,,
tt0021780,,,
tt0021785,,,
tt0021786,$ 515000,,
tt0021793,,,
tt0021798,$ 394000,,
tt0021799,$ 1000000,,
tt0021807,,,
tt0021814,$ 355000,,$ 85204
tt0021815,$ 66000,,
tt0021818,,,
tt0021820,,,
tt0021825,$ 310000,,
tt0021826,,,
tt0021828,,,
tt0021829,$ 201000,,
tt0021836,,,
tt0021840,$ 140000,,
tt0021845,,,
tt0021847,,,
tt0021859,,,
tt0021861,,,
tt0021864,,,
tt0021865,,,
tt0021873,,,
tt0021874,,,
tt0021879,$ 634000,,
tt0021884,$ 291000,,$ 1626
tt0021885,$ 529000,,
tt0021889,,,
tt0021890,,$ 1526000,
tt0021895,,,
tt0021900,$ 184000,,
tt0021906,,,
tt0021910,,,
tt0021917,$ 220000,,
tt0021919,,,
tt0021927,,,
tt0021928,,,
tt0021931,,,
tt0021932,,,
tt0021933,,,
tt0021952,,,
tt0021963,,,
tt0021966,,,
tt0021969,,,
tt0021973,,,
tt0021978,,,
tt0021985,,,
tt0021986,,,
tt0021988,,,
tt0021992,$ 249000,,
tt0022000,,,
tt0022001,$ 438000,,
tt0022002,,,
tt0022017,,,
tt0022021,,,
tt0022026,$ 810568,,
tt0022029,,,
tt0022034,,,
tt0022042,,,
tt0022043,,,
tt0022046,,,
tt0022048,,,
tt0022054,,,
tt0022056,,,
tt0022059,$ 338000,,
tt0022074,,,
tt0022080,,,
tt0022085,,,
tt0022086,,,
tt0022100,,$ 35566,$ 35566
tt0022103,,,
tt0022105,,,
tt0022111,,,
tt0022117,,,
tt0022119,,,
tt0022120,,,
tt0022121,,,
tt0022125,,$ 8262,$ 8262
tt0022134,,,
tt0022135,,,
tt0022139,,,
tt0022149,,,
tt0022150,,,
tt0022151,,,
tt0022153,,,
tt0022158,,,
tt0022172,,,
tt0022173,,,
tt0022177,,,
tt0022178,,,
tt0022180,,,
tt0022183,,,
tt0022185,,,
tt0022191,,,
tt0022197,,,
tt0022198,,,
tt0022204,,,
tt0022208,$ 260000,,
tt0022214,,,
tt0022215,,,
tt0022223,,,
tt0022235,,,
tt0022236,,,
tt0022243,,,
tt0022246,,,
tt0022251,,,
tt0022254,,,
tt0022259,$ 293000,,
tt0022261,,,
tt0022264,,,
tt0022265,,,
tt0022268,GBP 600000,,
tt0022273,,,
tt0022274,,,
tt0022276,,,
tt0022279,,,
tt0022285,,,
tt0022286,,,
tt0022289,,,
tt0022290,,,
tt0022293,,,
tt0022296,,,
tt0022297,,,
tt0022303,,,
tt0022308,,,
tt0022317,,,
tt0022321,,,
tt0022326,,,
tt0022331,,,
tt0022335,,,
tt0022339,,,
tt0022353,,,
tt0022357,$ 494000,,
tt0022360,,,
tt0022373,,,
tt0022381,,,
tt0022382,$ 276000,,
tt0022386,,,
tt0022391,,,
tt0022395,,,
tt0022397,,,
tt0022403,,,
tt0022404,,,
tt0022409,,,
tt0022412,$ 503000,,
tt0022418,,,
tt0022425,$ 302000,,
tt0022428,,,
tt0022430,,,
tt0022432,,,
tt0022433,,,
tt0022435,,,
tt0022436,$ 584000,,
tt0022437,,,
tt0022440,,,
tt0022444,,,
tt0022453,$ 572638,,
tt0022454,,,
tt0022458,$ 150000,,
tt0022463,,,
tt0022469,,,
tt0022478,$ 354162,,
tt0022481,,,
tt0022484,,,
tt0022485,,,
tt0022489,,,
tt0022495,$ 1312636,,
tt0022500,,,
tt0022501,,,
tt0022517,,,
tt0022523,,,
tt0022535,,,
tt0022537,,,
tt0022550,$ 251289,,
tt0022551,,,
tt0022572,,,
tt0022582,,,
tt0022599,,,
tt0022613,,,
tt0022614,,,
tt0022615,$ 305000,,
tt0022619,,,
tt0022626,,,
tt0022628,$ 458000,,
tt0022635,,,
tt0022639,$ 433000,,
tt0022641,$ 460733,,
tt0022644,,,
tt0022651,,,
tt0022660,$ 230000,,
tt0022663,,,
tt0022675,,,
tt0022676,,,
tt0022681,,,
tt0022682,,,
tt0022685,$ 300000,,
tt0022689,,,
tt0022694,,,
tt0022696,,,
tt0022698,,,
tt0022699,,,
tt0022700,$ 602620,,
tt0022718,,,$ 2805
tt0022725,$ 889154,,
tt0022731,,,
tt0022733,,,
tt0022735,,,
tt0022737,$ 489652,,
tt0022748,,,
tt0022751,,,
tt0022753,$ 349456,,
tt0022755,,,
tt0022775,$ 286000,,
tt0022778,$ 619000,,
tt0022784,,,
tt0022787,,,
tt0022788,,,
tt0022789,,,
tt0022792,,,
tt0022796,,,
tt0022799,,,
tt0022802,,,
tt0022814,,,
tt0022824,,,
tt0022827,,,
tt0022834,,,
tt0022835,$ 535000,,$ 16615
tt0022854,$ 350000,,
tt0022864,,,
tt0022867,,,
tt0022869,,,
tt0022873,$ 203420,,
tt0022876,,,
tt0022877,,$ 8262,$ 8262
tt0022879,$ 799520,,
tt0022882,,,
tt0022888,,,
tt0022890,$ 214000,,
tt0022897,$ 480000,,
tt0022905,,,
tt0022913,$ 310607,,$ 4072
tt0022918,,,
tt0022924,,,
tt0022934,$ 41000,,
tt0022938,,,
tt0022941,,,
tt0022958,$ 700000,,
tt0022961,,,
tt0022970,,,
tt0022971,,,
tt0022979,,,
tt0022981,,,
tt0022987,,,
tt0022990,,,
tt0022991,,,
tt0023002,,,
tt0023007,,,
tt0023013,,,
tt0023027,,,
tt0023028,,,
tt0023034,$ 514000,,
tt0023038,,,
tt0023042,$ 195845,,
tt0023049,,,
tt0023055,$ 225000,,
tt0023066,,,
tt0023071,,,
tt0023074,$ 291039,,
tt0023088,,,
tt0023092,,,
tt0023101,,,
tt0023104,,,
tt0023108,,,
tt0023109,,,
tt0023110,$ 541075,,
tt0023117,,,
tt0023119,,,
tt0023121,,,
tt0023125,,,
tt0023132,,,
tt0023139,,,
tt0023145,,,
tt0023151,$ 621000,,
tt0023153,,,
tt0023157,,,
tt0023158,,,
tt0023162,,,
tt0023169,,,
tt0023175,,,
tt0023180,,,
tt0023181,,,
tt0023187,$ 50000,,
tt0023190,,,
tt0023194,$ 327627,,
tt0023196,$ 558000,,
tt0023198,$ 165000,,
tt0023202,,,
tt0023208,,,
tt0023209,,,
tt0023213,,,
tt0023221,,,
tt0023225,,,
tt0023228,,,
tt0023230,,,
tt0023236,,,
tt0023238,$ 218869,,
tt0023240,,,
tt0023241,$ 675000,,
tt0023243,,,
tt0023245,$ 196000,,
tt0023247,,,
tt0023249,$ 190000,,
tt0023261,,,
tt0023262,,,
tt0023266,,,
tt0023268,,,
tt0023271,,,
tt0023277,,,
tt0023278,,,
tt0023284,,,
tt0023285,,,
tt0023293,,$ 25678,$ 34649
tt0023302,,,
tt0023303,,,
tt0023305,,,
tt0023316,,,
tt0023322,,,
tt0023326,,,
tt0023327,,,
tt0023333,,,
tt0023334,,,
tt0023335,$ 187000,,
tt0023342,,,
tt0023345,,,
tt0023349,$ 438000,,
tt0023352,,,
tt0023358,$ 628000,,
tt0023362,$ 202000,,
tt0023369,,,
tt0023374,,,
tt0023382,$ 408000,,
tt0023384,,,
tt0023385,$ 401000,,
tt0023394,,,
tt0023395,,,
tt0023396,,,
tt0023406,,,
tt0023407,,,
tt0023410,,,
tt0023424,,,
tt0023427,,,$ 1308000
tt0023447,,,
tt0023450,,,
tt0023455,,,
tt0023456,,,
tt0023460,,,
tt0023464,,,
tt0023469,,,
tt0023470,,,
tt0023472,,,
tt0023478,,,
tt0023479,,,
tt0023480,,,
tt0023486,,,
tt0023488,$ 851000,,
tt0023491,$ 228000,,
tt0023495,$ 423000,,
tt0023498,,,
tt0023507,,,
tt0023520,,,
tt0023523,$ 654000,,
tt0023524,,,
tt0023525,,,
tt0023527,,,
tt0023528,,,
tt0023529,,,
tt0023537,,,
tt0023545,$ 270000,,
tt0023549,,,
tt0023551,$ 652675,,
tt0023556,,,
tt0023560,,,
tt0023563,,,$ 27690
tt0023567,,,
tt0023580,,,
tt0023581,,,
tt0023582,,,
tt0023583,,,
tt0023584,,,
tt0023589,,,
tt0023590,$ 444000,,
tt0023594,,,
tt0023601,,,
tt0023604,,,
tt0023622,$ 519706,,
tt0023625,,,
tt0023629,$ 310000,,
tt0023631,,,
tt0023634,,,
tt0023635,,,
tt0023642,$ 284000,,
tt0023645,,,
tt0023646,,,
tt0023649,,,
tt0023652,,,
tt0023655,,,
tt0023657,,,
tt0023659,,,
tt0023673,,,
tt0023677,,,
tt0023681,,,
tt0023684,,,
tt0023685,,,
tt0023686,$ 411676,,
tt0023694,$ 50000,,
tt0023701,,,
tt0023706,,,
tt0023716,$ 223000,,
tt0023719,,,
tt0023720,,,
tt0023729,,,
tt0023731,,,
tt0023737,,,
tt0023740,,,
tt0023742,$ 355000,,
tt0023744,,,
tt0023749,,,
tt0023753,,,
tt0023758,,,
tt0023759,$ 303000,,
tt0023761,$ 272297,,
tt0023769,,,
tt0023775,$ 187000,,
tt0023778,$ 444399,,
tt0023785,,,
tt0023786,,,
tt0023790,,,
tt0023793,,,
tt0023794,,,
tt0023808,,,
tt0023814,,,
tt0023816,,,
tt0023817,$ 151000,,
tt0023818,$ 238591,,
tt0023825,$ 344000,,
tt0023838,$ 421496,,
tt0023842,,,
tt0023846,$ 239308,,
tt0023847,,,
tt0023848,,,
tt0023856,,,
tt0023860,,,
tt0023871,PTE 870000,,
tt0023872,$ 245000,,
tt0023876,$ 1180280,,
tt0023878,$ 365000,,
tt0023880,,,
tt0023881,,,
tt0023887,,,
tt0023891,$ 284000,,
tt0023893,,,
tt0023896,,,
tt0023899,$ 245000,,
tt0023900,,,
tt0023902,,,
tt0023909,,,
tt0023911,,,
tt0023926,$ 923055,,
tt0023932,,,
tt0023935,,,
tt0023937,,,
tt0023938,$ 171000,,
tt0023939,,,
tt0023940,,,
tt0023943,,,
tt0023945,,,
tt0023949,$ 242000,,
tt0023955,,,
tt0023956,,,
tt0023957,,,
tt0023960,$ 329000,,
tt0023969,,,$ 103800
tt0023973,,,
tt0023982,,,
tt0023984,,,
tt0023985,$ 250000,,
tt0023986,$ 188000,,
tt0023990,$ 950000,,
tt0023992,$ 243000,,
tt0023993,$ 93000,,
tt0023996,,,
tt0024005,,,
tt0024008,$ 286000,,
tt0024025,$ 462000,,
tt0024028,$ 703000,,
tt0024034,$ 439000,,$ 1600
tt0024037,,,
tt0024040,,,
tt0024044,,,
tt0024048,,,
tt0024049,,,
tt0024054,,,
tt0024055,,,
tt0024062,$ 107000,,
tt0024067,$ 614000,,
tt0024073,,,
tt0024075,,,
tt0024078,$ 164000,,
tt0024083,,,
tt0024087,,,
tt0024090,$ 189000,,
tt0024092,,,
tt0024097,,,
tt0024100,$ 895000,,
tt0024104,,,
tt0024120,,,
tt0024122,,,
tt0024124,$ 9600,,
tt0024127,,,
tt0024130,$ 266000,,
tt0024139,,,
tt0024144,$ 211000,,
tt0024151,,,
tt0024157,,,
tt0024160,,,
tt0024161,,,
tt0024166,$ 225000,,
tt0024170,,,
tt0024176,,,
tt0024183,,,
tt0024184,,,$ 27105
tt0024188,$ 300000,,
tt0024193,,,
tt0024199,,,
tt0024210,,,
tt0024211,$ 169000,,
tt0024214,,,
tt0024216,$ 670000,,$ 651
tt0024219,,,
tt0024221,,,
tt0024222,,,
tt0024236,,,
tt0024238,,,
tt0024239,,,
tt0024240,,,
tt0024252,,,$ 852
tt0024257,$ 202000,,
tt0024258,,,
tt0024262,$ 197000,,
tt0024264,$ 424000,,
tt0024266,,,
tt0024269,,,
tt0024276,$ 117000,,
tt0024288,,,
tt0024293,,,
tt0024301,,,
tt0024302,,,
tt0024307,,,
tt0024308,,,
tt0024310,,,
tt0024314,$ 229000,,
tt0024320,,,
tt0024323,,,
tt0024325,$ 240000,,
tt0024334,,,
tt0024339,$ 154000,,
tt0024353,$ 239000,,
tt0024359,,,
tt0024360,,,
tt0024368,,,
tt0024373,$ 240000,,
tt0024381,,,
tt0024382,,,
tt0024388,,,
tt0024396,,,
tt0024402,,,
tt0024405,,,
tt0024411,,,
tt0024414,,,
tt0024418,,,
tt0024421,,,
tt0024426,$ 206000,,
tt0024429,,,
tt0024433,$ 623000,,
tt0024435,,,
tt0024436,,,
tt0024443,,,
tt0024444,,,
tt0024448,,,
tt0024450,,,
tt0024453,,,
tt0024455,,,
tt0024465,,,
tt0024470,,,
tt0024471,$ 260000,,
tt0024473,GBP 60000,,
tt0024475,$ 682000,,
tt0024476,,,
tt0024480,,,
tt0024484,,,
tt0024496,,,
tt0024500,$ 15000,,
tt0024501,,,
tt0024506,,,
tt0024507,$ 1000000,,
tt0024514,,,
tt0024516,,,
tt0024524,,,
tt0024537,,,
tt0024538,,,
tt0024539,$ 531641,,
tt0024548,$ 200000,,
tt0024549,$ 111000,,
tt0024553,,,
tt0024554,,,
tt0024559,,,
tt0024560,,,
tt0024561,,,
tt0024570,,,
tt0024590,,,
tt0024592,,,
tt0024593,$ 250000,,
tt0024594,,,
tt0024598,,,
tt0024600,,,
tt0024601,,,
tt0024605,,,
tt0024609,,,
tt0024610,,,
tt0024616,,,
tt0024617,,,
tt0024620,$ 300000,,
tt0024625,,,
tt0024628,,,
tt0024631,,,
tt0024633,,,
tt0024641,,,
tt0024645,,,
tt0024647,,,
tt0024656,,,
tt0024663,,,
tt0024664,,,
tt0024668,,,
tt0024672,,,
tt0024674,,,
tt0024675,$ 659710,,
tt0024676,,,
tt0024679,,,
tt0024684,,,
tt0024685,,,
tt0024696,,,
tt0024701,,,
tt0024704,,,
tt0024710,,,
tt0024727,,,
tt0024728,,,
tt0024736,,,
tt0024742,,,
tt0024747,,,
tt0024757,,,
tt0024762,,,
tt0024763,,,
tt0024768,,,
tt0024769,,,
tt0024770,$ 625000,,
tt0024771,,,
tt0024772,,,
tt0024781,,,
tt0024782,,,
tt0024785,$ 193000,,
tt0024786,,,
tt0024787,,,
tt0024793,,,
tt0024800,$ 436649,,
tt0024805,,,
tt0024808,,,
tt0024809,,,
tt0024816,$ 549370,,
tt0024819,,,
tt0024830,,,
tt0024831,$ 226000,,
tt0024844,,,$ 9505
tt0024851,,,
tt0024852,,,
tt0024854,,,
tt0024855,$ 120000,,
tt0024865,,,
tt0024867,,,
tt0024868,,,
tt0024873,$ 800000,,
tt0024890,,,
tt0024892,,,
tt0024894,$ 95745,,
tt0024895,,,
tt0024897,,,
tt0024902,,,
tt0024903,,,
tt0024906,$ 252238,,
tt0024910,,,
tt0024914,,,
tt0024915,,,
tt0024916,,,
tt0024932,,,
tt0024933,,,
tt0024939,,,
tt0024951,,,
tt0024952,,,
tt0024958,,,
tt0024960,$ 843000,,
tt0024961,$ 617000,,
tt0024962,,,
tt0024963,,,
tt0024965,,,
tt0024966,,,
tt0024968,$ 100000,,
tt0024969,,,
tt0024978,$ 500000,,
tt0024981,,,
tt0024989,,,
tt0024991,,,
tt0024992,,,
tt0025004,,$ 3270000,
tt0025009,,,
tt0025011,,,
tt0025025,,,
tt0025028,,,
tt0025031,,,
tt0025034,,,
tt0025037,,,
tt0025038,,,
tt0025039,,,
tt0025040,,,
tt0025043,,,
tt0025046,,,
tt0025062,,,
tt0025066,,,
tt0025068,$ 167000,,
tt0025069,,,
tt0025075,,,
tt0025076,,,
tt0025091,$ 498000,,
tt0025094,,,
tt0025100,,,
tt0025101,,,
tt0025117,,,
tt0025118,GBP 12000,,
tt0025119,,,
tt0025124,,,
tt0025129,,,
tt0025132,,,
tt0025134,,,
tt0025151,,,
tt0025161,,,
tt0025163,,,
tt0025164,$ 520000,,$ 6750
tt0025165,,,
tt0025169,,,
tt0025170,,,
tt0025173,$ 511000,,
tt0025176,,,
tt0025189,,,
tt0025191,,,
tt0025194,,,
tt0025198,,,
tt0025202,,,
tt0025204,,,
tt0025214,,,
tt0025219,,,
tt0025222,,,
tt0025223,,,
tt0025226,,,
tt0025228,,,
tt0025238,$ 263000,,
tt0025239,,,
tt0025248,,,
tt0025250,$ 223000,,
tt0025251,,,
tt0025254,$ 336000,,
tt0025256,,,
tt0025263,,,
tt0025271,,,
tt0025272,,,
tt0025273,,,
tt0025284,,,
tt0025290,,,
tt0025301,,,
tt0025303,,,
tt0025316,$ 325000,,
tt0025318,,,
tt0025323,,,
tt0025329,GBP 100000,,
tt0025330,,,
tt0025333,,,
tt0025335,,,
tt0025338,,,
tt0025340,,,
tt0025342,,,
tt0025345,,,
tt0025346,,,
tt0025347,,,
tt0025349,,,
tt0025351,,,
tt0025362,,,
tt0025363,,,
tt0025366,,,
tt0025371,$ 518000,,
tt0025373,,,
tt0025384,,$ 183000,
tt0025391,,,
tt0025393,$ 331000,,
tt0025397,,,
tt0025408,,,
tt0025409,$ 650000,,
tt0025410,,,
tt0025417,,,
tt0025418,,,
tt0025420,,,
tt0025421,,,
tt0025422,$ 230000,,
tt0025423,$ 254000,,
tt0025426,,,
tt0025440,,,
tt0025442,,,
tt0025443,,,
tt0025452,GBP 40000,,
tt0025453,,,
tt0025455,,,
tt0025459,,,
tt0025461,,,
tt0025464,,,
tt0025465,$ 5000,,
tt0025471,,,
tt0025472,,,
tt0025478,,,
tt0025479,,,
tt0025480,,,
tt0025489,$ 213000,,
tt0025492,,,
tt0025493,,$ 329180,$ 6014620
tt0025494,,,
tt0025499,,,
tt0025500,,,
tt0025509,,,
tt0025510,,,
tt0025514,,,
tt0025515,,,
tt0025520,,,
tt0025523,,,
tt0025524,,,
tt0025529,,,
tt0025530,,,
tt0025531,,,
tt0025532,,,
tt0025533,,,
tt0025536,,,
tt0025543,,,
tt0025546,,,
tt0025555,,,
tt0025566,,,
tt0025569,,,
tt0025579,,,
tt0025580,,,
tt0025586,$ 403000,,
tt0025590,,,
tt0025596,,,
tt0025600,,,
tt0025601,,,
tt0025607,,,
tt0025610,$ 125000,,
tt0025611,,,
tt0025617,$ 947000,,
tt0025619,,,
tt0025629,,,
tt0025644,,,
tt0025645,,,
tt0025671,,,
tt0025674,,,
tt0025681,,,
tt0025691,,,
tt0025699,,,
tt0025704,GBP 12000,,
tt0025709,,,
tt0025710,,,
tt0025712,,,
tt0025718,,,
tt0025720,$ 500000,,
tt0025725,,,
tt0025731,,,
tt0025740,,,
tt0025746,$ 900000,,$ 3299
tt0025747,,,
tt0025748,,,
tt0025755,,,
tt0025759,,,
tt0025762,,,
tt0025763,,,
tt0025774,,,
tt0025785,,,
tt0025788,$ 166000,,
tt0025791,,,
tt0025797,,,
tt0025799,,,
tt0025803,,,
tt0025805,,,
tt0025809,,,
tt0025822,$ 223000,,
tt0025826,$ 80000,,
tt0025828,,,
tt0025829,,,
tt0025830,,,
tt0025833,$ 408000,,
tt0025836,,,
tt0025838,,,
tt0025841,,,
tt0025843,,,
tt0025844,,,
tt0025850,,,
tt0025862,$ 1279142,,
tt0025878,$ 226408,,
tt0025880,,,
tt0025882,,,
tt0025883,,,
tt0025893,,,
tt0025898,,,
tt0025903,,,
tt0025905,,,
tt0025907,,$ 2537520,$ 4957320
tt0025919,,,$ 9800
tt0025920,,,
tt0025923,$ 236000,,
tt0025929,,,
tt0025935,,,
tt0025939,,,
tt0025942,,,
tt0025943,,,
tt0025945,,,
tt0025946,,,
tt0025948,$ 1017400,,
tt0025954,,,
tt0025964,,,
tt0025965,,,
tt0025966,,,
tt0025967,,,
tt0025969,,,
tt0025973,$ 428000,,
tt0025982,,,
tt0025983,,,
tt0025989,$ 378000,,
tt0026003,,,
tt0026006,,,
tt0026007,$ 675000,,
tt0026008,$ 727400,,
tt0026015,,,
tt0026017,,,
tt0026019,,,
tt0026023,,,
tt0026029,GBP 50000,,$ 51711
tt0026040,,,
tt0026043,$ 366000,,
tt0026045,,,
tt0026046,,,
tt0026047,,,
tt0026055,,,
tt0026056,,,
tt0026069,,,
tt0026071,$ 1152000,,
tt0026073,,,
tt0026075,,,
tt0026082,,,
tt0026085,,,
tt0026092,,,
tt0026095,,,
tt0026097,$ 778000,,
tt0026101,,,
tt0026104,$ 950000,,
tt0026107,,,
tt0026113,,,
tt0026117,,,
tt0026120,,,
tt0026121,,,
tt0026123,,,
tt0026124,,,
tt0026126,,,
tt0026129,,,
tt0026132,,,
tt0026134,$ 427000,,
tt0026137,,,
tt0026138,$ 397024,,$ 10493
tt0026139,,,
tt0026142,,,
tt0026143,,,
tt0026144,,,
tt0026164,,,
tt0026174,$ 1200000,,
tt0026179,,,
tt0026180,,,
tt0026184,,,
tt0026185,,,
tt0026187,,,
tt0026191,,,
tt0026195,,,
tt0026197,,,
tt0026198,$ 110000,,
tt0026199,,,
tt0026205,$ 1138000,,
tt0026209,,,
tt0026211,,,
tt0026216,,,
tt0026221,,,
tt0026230,,,
tt0026245,,,
tt0026246,,,
tt0026249,,,
tt0026252,,,
tt0026261,,,
tt0026262,$ 748900,,
tt0026264,,,
tt0026266,,,
tt0026267,$ 10000,,
tt0026273,,,
tt0026275,$ 350000,,
tt0026276,$ 800000,,$ 2375
tt0026277,,,
tt0026279,,,
tt0026280,,,
tt0026289,,,
tt0026292,,,
tt0026293,,,
tt0026301,,,
tt0026303,,,
tt0026313,,,
tt0026315,,,
tt0026325,,,
tt0026333,,,
tt0026338,,,
tt0026343,,,
tt0026361,,,
tt0026363,,,
tt0026369,,,
tt0026373,,,
tt0026377,,,
tt0026378,,,
tt0026385,,,
tt0026388,,,
tt0026393,$ 450000,,
tt0026400,,,
tt0026402,,,
tt0026403,,,
tt0026406,,,
tt0026409,,,
tt0026413,,,
tt0026416,,,
tt0026417,$ 586000,,
tt0026418,,,
tt0026419,,,
tt0026420,,,
tt0026421,,,
tt0026424,,,$ 7478
tt0026426,,,
tt0026431,,,
tt0026432,,,
tt0026444,,,
tt0026446,,,
tt0026452,,,
tt0026465,,,
tt0026491,,,
tt0026493,$ 85000,,
tt0026505,,,
tt0026507,,,
tt0026508,,,
tt0026519,,,
tt0026523,,,
tt0026524,,,
tt0026525,$ 493000,,
tt0026529,$ 243000,,
tt0026534,,,
tt0026542,,,
tt0026549,,,
tt0026556,,,
tt0026564,,,
tt0026571,,,
tt0026599,,,
tt0026605,$ 1000000,,
tt0026606,GBP 27000,,
tt0026607,,,
tt0026609,$ 600000,,
tt0026614,,,
tt0026621,,,
tt0026629,,,
tt0026632,,,
tt0026641,,,
tt0026643,,$ 1500000,
tt0026644,,,
tt0026646,,,
tt0026647,,,
tt0026656,,,
tt0026660,FRF 2100000,,
tt0026663,$ 257502,,
tt0026667,,,
tt0026671,,,
tt0026675,,,
tt0026676,,,
tt0026682,,,
tt0026683,$ 100000,,
tt0026684,,,
tt0026685,$ 305177,,
tt0026688,$ 337152,,
tt0026689,,,
tt0026692,,,
tt0026703,,,
tt0026711,,,
tt0026714,,,
tt0026720,$ 80000,,
tt0026721,$ 202798,,
tt0026723,,,
tt0026725,$ 1000000,,
tt0026737,,,
tt0026739,$ 167000,,
tt0026740,$ 35000,,
tt0026742,$ 189000,,
tt0026743,,,
tt0026744,,,
tt0026747,,,
tt0026752,$ 1950000,,
tt0026755,,,
tt0026756,,,
tt0026758,$ 215375,,
tt0026759,,,
tt0026762,,,
tt0026768,,,
tt0026772,,,
tt0026773,,,
tt0026774,,,
tt0026775,$ 573000,,
tt0026778,,$ 2537520,$ 3956700
tt0026781,,,
tt0026784,GBP 30000,,
tt0026787,$ 765000,,
tt0026793,,,
tt0026799,,,
tt0026805,,,
tt0026811,,,
tt0026818,,,
tt0026819,,,
tt0026830,,,
tt0026831,,,
tt0026835,,,
tt0026839,,,
tt0026840,,,
tt0026846,,,
tt0026852,,,
tt0026854,,,
tt0026859,,,
tt0026864,,,
tt0026865,,,
tt0026866,,,
tt0026867,$ 70000,,
tt0026868,,,
tt0026886,,,
tt0026891,,,
tt0026893,,,
tt0026895,,,
tt0026897,,,
tt0026901,,,
tt0026908,,,
tt0026910,,,
tt0026912,$ 115000,,
tt0026914,$ 858000,,
tt0026917,,,
tt0026919,,,
tt0026921,,,
tt0026922,,,
tt0026926,,,
tt0026932,,,
tt0026934,,,
tt0026939,,,
tt0026942,$ 610000,,$ 2493
tt0026955,,,
tt0026956,,,
tt0026966,,,
tt0026970,,,
tt0026971,,,
tt0026972,,,
tt0026973,,,
tt0026978,,,
tt0026980,,,
tt0026982,,,
tt0026983,,,
tt0026984,,,
tt0026986,,,
tt0026988,,,
tt0026991,,,
tt0026992,,,
tt0027000,,,
tt0027018,,,
tt0027020,,,
tt0027028,,,
tt0027029,,,
tt0027033,,,
tt0027040,$ 280000,,
tt0027041,,,
tt0027042,,,
tt0027050,,,
tt0027053,,,
tt0027055,,,
tt0027057,,,
tt0027062,,,
tt0027064,,,
tt0027067,$ 641000,,
tt0027075,,,
tt0027076,,,
tt0027087,,,
tt0027088,,,
tt0027090,,,
tt0027099,,$ 1962000,
tt0027110,,,
tt0027118,,,
tt0027125,$ 609000,,
tt0027131,,,
tt0027133,,,
tt0027136,,,
tt0027138,,,
tt0027139,$ 12500,,
tt0027163,,,
tt0027164,,,
tt0027166,,,
tt0027185,,,
tt0027188,,,
tt0027189,,,
tt0027194,$ 195393,,
tt0027196,,,
tt0027200,$ 35000,,
tt0027204,,,
tt0027205,$ 238000,,
tt0027207,,,
tt0027214,,,
tt0027221,,,
tt0027227,,,
tt0027228,,,
tt0027231,,,
tt0027235,,,
tt0027240,,,
tt0027244,,,
tt0027247,,,
tt0027250,,,
tt0027254,,,
tt0027255,,,
tt0027256,,,
tt0027258,,,
tt0027260,$ 683000,,
tt0027276,,,
tt0027277,,,
tt0027286,,,
tt0027293,,,
tt0027300,$ 1050500,,
tt0027302,$ 1100000,,
tt0027307,,,
tt0027311,,,
tt0027331,,,
tt0027332,,,
tt0027336,,,
tt0027342,,,
tt0027345,,,
tt0027356,,,
tt0027357,,,
tt0027358,,,
tt0027361,,,
tt0027367,$ 235000,,
tt0027376,,,
tt0027377,$ 100000,,
tt0027387,,,$ 941774
tt0027395,$ 289000,,
tt0027396,,,
tt0027407,,,$ 8605
tt0027408,,,
tt0027413,,,
tt0027415,,,
tt0027420,,,
tt0027421,,,
tt0027428,,,
tt0027429,,,
tt0027438,$ 1200000,,
tt0027439,,,
tt0027440,,,
tt0027441,,,
tt0027442,,,
tt0027443,,,
tt0027445,,,
tt0027455,,,
tt0027456,,,
tt0027459,,,
tt0027470,,,
tt0027473,,,
tt0027474,$ 300000,,
tt0027478,,$ 36438,$ 38002
tt0027479,,,
tt0027481,,,
tt0027482,,,
tt0027484,,,
tt0027488,,,
tt0027489,,$ 8262,$ 8262
tt0027496,,,
tt0027499,,,
tt0027501,,,
tt0027502,$ 119343,,
tt0027503,,,
tt0027504,,,
tt0027515,$ 1200000,,
tt0027516,,,
tt0027518,,,
tt0027521,,,
tt0027527,,,
tt0027532,,,
tt0027537,,,
tt0027545,,,
tt0027552,,,
tt0027562,,,
tt0027593,$ 369000,,
tt0027594,,,
tt0027607,,,
tt0027623,$ 360000,,
tt0027624,,,
tt0027630,$ 747000,,
tt0027635,,,
tt0027652,,,$ 11712
tt0027653,,,
tt0027654,,,
tt0027656,,,
tt0027657,$ 2200000,,
tt0027660,,,
tt0027664,,,
tt0027665,,,
tt0027669,,,
tt0027672,,,$ 17807
tt0027677,,,
tt0027679,,,
tt0027683,,,
tt0027684,,,
tt0027686,,,
tt0027687,,,
tt0027688,,,
tt0027690,$ 1119000,,
tt0027697,,,
tt0027700,,,
tt0027725,,,
tt0027726,,,
tt0027727,,,
tt0027746,$ 367000,,
tt0027752,,,
tt0027754,,,
tt0027760,,,
tt0027796,,,
tt0027800,,,
tt0027805,,,
tt0027807,,,
tt0027810,,,
tt0027818,,,
tt0027824,,,
tt0027830,$ 300000,,
tt0027834,,,
tt0027838,,,
tt0027840,,,
tt0027845,,,
tt0027847,,,
tt0027849,,,
tt0027851,,,
tt0027853,,,
tt0027860,,,
tt0027862,,,
tt0027869,,,
tt0027875,,,
tt0027876,,,
tt0027884,,,
tt0027893,,,
tt0027902,$ 850000,,
tt0027905,,,
tt0027907,,,
tt0027908,,,
tt0027913,,,
tt0027914,$ 578000,,
tt0027921,,,
tt0027923,,,
tt0027925,,,
tt0027932,,,
tt0027938,,,
tt0027940,,,
tt0027948,,,
tt0027951,,$ 240000,
tt0027952,,,
tt0027954,,,
tt0027958,,,
tt0027959,,,
tt0027969,$ 1032000,,
tt0027977,$ 1500000,$ 163577,$ 457688
tt0027978,,,$ 3337
tt0027979,,,
tt0027980,,,
tt0027985,,,
tt0027987,,,
tt0027996,$ 800000,,
tt0027999,,,
tt0028000,,,
tt0028002,,,
tt0028003,,,
tt0028004,,,
tt0028008,,,
tt0028010,$ 656000,,
tt0028012,,,
tt0028021,,,
tt0028029,,,
tt0028031,,,
tt0028033,,,
tt0028054,,,
tt0028062,$ 511383,,
tt0028063,,$ 2000000,
tt0028070,,,
tt0028074,,,
tt0028092,,,
tt0028096,$ 500000,,
tt0028097,$ 247000,,
tt0028102,$ 466000,,
tt0028103,,,
tt0028108,$ 1000000,,
tt0028111,,,
tt0028112,,,
tt0028117,,,
tt0028118,,,
tt0028120,,,
tt0028132,,,
tt0028135,,,
tt0028138,,,
tt0028140,,,
tt0028141,,,
tt0028142,,,
tt0028143,,,
tt0028144,,,
tt0028158,$ 600000,,
tt0028163,$ 75000,,
tt0028165,,,
tt0028167,,,
tt0028174,,,
tt0028176,,,
tt0028178,,,
tt0028181,,,
tt0028190,,,
tt0028191,,,
tt0028197,,,
tt0028200,,,
tt0028201,,,
tt0028203,,,
tt0028207,,,
tt0028212,,,
tt0028216,$ 1300000,,
tt0028217,,,
tt0028219,,,
tt0028225,,,
tt0028227,,,
tt0028231,,,
tt0028237,,,
tt0028240,,,
tt0028241,,,
tt0028243,,,
tt0028249,,,
tt0028257,,,
tt0028260,,,
tt0028269,,,
tt0028270,,,
tt0028272,,,
tt0028282,,,
tt0028283,,,
tt0028284,,,
tt0028286,,,
tt0028290,,,
tt0028291,,,
tt0028305,,,
tt0028310,,,
tt0028313,,,
tt0028315,,,
